統一編號,name,address,公司狀態,money,lat,log
3795904,台灣電力股份有限公司,臺北市中正區羅斯福路3段242號,,3300,25.0172116,121.5307067
22099131,台灣積體電路製造股份有限公司,新竹科學工業園區新竹市力行六路8號,1,2593,24.7730433,121.0128003
80333992,中國信託金融控股股份有限公司,臺北市南港區經貿二路168號27樓、29樓,1,1949,25.0587249,121.6165477
4541302,鴻海精密工業股份有限公司,新北市土城區中山路66號,1,1732,24.969233,121.431703
30414175,中國鋼鐵股份有限公司,高雄市小港區中鋼路1號,1,1577,22.5543912,120.3488566
70827383,中華開發金融控股股份有限公司,臺北市松山區南京東路5段125號12樓,1,1497,25.051756,121.560927
52242444,台灣自來水股份有限公司,臺中市北區樂英里14鄰雙十路2段2之1號,1,1375,24.150446,120.6882135
70796754,兆豐金融控股股份有限公司,臺北市中正區忠孝東路2段123號14至17樓、20樓至21樓,1,1359,25.0427024,121.5321974
70827406,國泰金融控股股份有限公司,臺北市大安區仁愛路4段296號,1,1339,25.0374136,121.5535465
3707901,台灣中油股份有限公司,高雄市楠梓區宏南里左楠路2號,1,1301,22.7042341,120.302727
47217677,聯華電子股份有限公司,新竹科學工業園區新竹市力行二路3號,1,,,
70796749,元大金融控股股份有限公司,臺北市松山區敦化南路1段66號4樓、10樓、12樓、13樓,1,,,
80351999,第一金融控股股份有限公司,臺北市中正區重慶南路1段30號,1,,,
53021433,合作金庫金融控股股份有限公司,臺北市中正區館前路77號,1,,,
53111933,潤成投資控股股份有限公司,臺北市中山區八德路2段308號13樓之1,1,,,
3374805,富邦金融控股股份有限公司,臺北市大安區建國南路1段237號,1,,,
80333183,永豐金融控股股份有限公司,臺北市中山區八德路2段306號3樓及6至13樓,1,,,
3750168,台北富邦商業銀行股份有限公司,臺北市中山區中山北路2段50號1、2、3、5、8、12樓,1,,,
70826764,華南金融控股股份有限公司,臺北市信義區松仁路123號23樓、24樓、26樓及27樓,1,,,
80328055,台新金融控股股份有限公司,臺北市大安區仁愛路4段118號9、12、13、20、21、22及23樓,1,,,
80328219,新光金融控股股份有限公司,臺北市中正區忠孝西路1段66號38樓,1,,,
11456006,南山人壽保險股份有限公司,臺北市信義區莊敬路168號,1,,,
43943825,艾普思隆股份有限公司,臺北市松山區敦化北路167號17樓,1,,,
12800225,群創光電股份有限公司,新竹科學工業園區苗栗縣竹南鎮科學路160號,1,,,
84149738,友達光電股份有限公司,新竹科學工業園區新竹市力行二路1號,1,,,
86522210,台塑石化股份有限公司,雲林縣麥寮鄉中興村台塑工業園區1號之1,1,,,
3557311,臺灣銀行股份有限公司,臺北市中正區建國里重慶南路1段120號,1,,,
28428379,臺灣金融控股股份有限公司,臺北市中正區重慶南路1段120號,1,,,
51811609,彰化商業銀行股份有限公司,臺中市中區自由路2段38號,1,,,
5052322,第一商業銀行股份有限公司,臺北市中正區重慶南路1段30號,1,,,
70796305,玉山金融控股股份有限公司,臺北市松山區民生東路3段117號14樓及115號1樓,1,,,
84613756,中龍鋼鐵股份有限公司,臺中市龍井區龍昌路100號,1,,,
70799128,合作金庫商業銀行股份有限公司,臺北市中正區館前路77號,1,,,
3705903,兆豐國際商業銀行股份有限公司,臺北市中山區中原里吉林路100號,1,,,
86517384,永豐商業銀行股份有限公司,臺北市中山區南京東路3段36號,1,,,
76027628,日月光半導體製造股份有限公司,高雄市楠梓區楠梓加工出口區經三路２６號,1,,,
75370905,南亞塑膠工業股份有限公司,高雄市仁武區竹後里水管路101號,1,,,
96979933,中華電信股份有限公司,臺北市中正區信義路1段21之3號,1,,,
3742301,華南商業銀行股份有限公司,臺北市信義區松仁路123號,1,,,
86517510,玉山商業銀行股份有限公司,臺北市松山區民生東路3段115號及117號,1,,,
4231910,國泰世華商業銀行股份有限公司,臺北市信義區松仁路7號1樓,1,,,
27935073,富邦人壽保險股份有限公司,臺北市松山區敦化南路1段108號14樓,1,,,
86519539,台新國際商業銀行股份有限公司,臺北市中山區中山北路2段44號1樓及地下1樓,1,,,
3741302,中華郵政股份有限公司,臺北市大安區永康里金山南路2段55號,1,,,
28421312,花旗(台灣)商業銀行股份有限公司,臺北市信義區松智路1號1、2、12、13、14、15、16樓,1,,,
80353271,台灣美光晶圓科技股份有限公司,桃園市龜山區文化里復興三路667號,1,,,
53026486,臺灣港務股份有限公司,高雄市鼓山區麗興里蓬萊路10號,1,,,
11085292,中華映管股份有限公司,桃園市龍潭區三和里華映路1號,1,,,
75708007,臺灣塑膠工業股份有限公司,高雄市仁武區竹後里水管路100號,1,,,
3700301,臺灣土地銀行股份有限公司,臺北市中正區黎明里10鄰館前路46號,1,,,
3793407,臺灣中小企業銀行股份有限公司,臺北市大同區玉泉里9鄰塔城街30號,1,,,
58650902,臺灣化學纖維股份有限公司,彰化縣彰化市中庄里中山路3段359號,1,,,
3458902,新光人壽保險股份有限公司,臺北市中正區忠孝西路1段66號31-43樓,1,,,
73251209,統一企業股份有限公司,臺南市永康區鹽行里中正路301號,1,,,
3794905,台灣糖業股份有限公司,臺南市東區生產路68號,1,,,
16446274,台灣高速鐵路股份有限公司,臺北市南港區經貿二路66號13~15樓,1,,,
97160609,元大證券股份有限公司,臺北市中山區南京東路3段225號13、14樓,1,,,
11145904,中華航空股份有限公司,桃園市大園區埔心里16鄰航站南路1號,1,,,
3374707,國泰人壽保險股份有限公司,臺北市大安區仁愛路4段296號,1,,,
3522600,遠東新世紀股份有限公司,臺北市大安區敦化南路2段207號36樓,1,,,
86517321,凱基商業銀行股份有限公司,臺北市松山區南京東路5段125號、127號、125號2樓及125號3樓,1,,,
21222725,仁寶電腦工業股份有限公司,臺北市內湖區瑞光路581號及581之1號,1,,,
3787101,臺灣菸酒股份有限公司,臺北市中正區南昌路1段4號1樓,1,,,
70771579,亞太電信股份有限公司,臺北市內湖區基湖路32號8樓,1,,,
86517315,元大商業銀行股份有限公司,臺北市松山區敦化南路1段66號1至3樓、8樓、68號1樓,1,,,
3036306,上海商業儲蓄銀行股份有限公司,臺北市中山區民權東路1段2號,1,,,
23225229,長榮航空股份有限公司,桃園市蘆竹區新南路1段376號,1,,,
22822281,廣達電腦股份有限公司,桃園市龜山區文化里文化二路188號,1,,,
86521079,大眾商業銀行股份有限公司,臺北市松山區敦化南路1段66號6樓、7樓、8樓、9樓及68號2樓、2樓之1、7樓、9樓,1,,,
11913502,臺灣水泥股份有限公司,臺北市中山區中山北路2段113號,1,,,
22099548,旺宏電子股份有限公司,新竹科學工業園區新竹市力行路16號,1,,,
4322046,英業達股份有限公司,臺北市士林區後港街66號,1,,,
22099218,華邦電子股份有限公司,中部科學工業園區臺中市大雅區科雅1路8號,1,,,
70796826,日盛金融控股股份有限公司,臺北市中山區南京東路2段85、87號10樓,1,,,
11337775,長榮海運股份有限公司,臺北市中山區民生東路2段166號1至4樓,1,,,
42596018,旭思投資股份有限公司,新竹縣竹北市台元一街5號3樓之7,1,,,
23111915,凱基證券股份有限公司,臺北市中山區成功里明水路698號3樓、700號3樓,1,,,
28990720,?豐(台灣)商業銀行股份有限公司,臺北市信義區基隆路1段333號13樓、14樓,1,,,
3434016,中國人壽保險股份有限公司,臺北市松山區敦化北路122號5樓,1,,,
97172648,臺灣新光商業銀行股份有限公司,臺北市信義區松仁路36號1、3、4、5、19、20、21樓、32號3、4、5、19、20、21樓及32號3樓之1、32號4樓之1、32號5樓之1,1,,,
97176270,台灣大哥大股份有限公司,臺北市信義區菸廠路88號12樓,1,,,
35412204,華新麗華股份有限公司,臺北市信義區松智路1號25樓,1,,,
3244509,亞洲水泥股份有限公司,臺北市大安區敦化南路2段207號30、31樓,1,,,
80342922,旭達投資股份有限公司,臺北市內湖區西康里內湖路1段91巷15-2號7樓,1,,,
97179430,遠傳電信股份有限公司,臺北市大安區敦化南路2段207號28樓,1,,,
59504506,正新橡膠工業股份有限公司,彰化縣大村鄉黃厝村美港路215號,1,,,
51816908,台中商業銀行股份有限公司,臺中市西區民權路87號,1,,,
16450500,瀚宇彩晶股份有限公司,臺北市信義區松智路1號26樓,1,,,
70769567,台灣之星電信股份有限公司,臺北市內湖區堤頂大道二段239號6樓,1,,,
55991080,矽品精密工業股份有限公司,臺中市潭子區大豐里大豐路3段123號,1,,,
86517096,遠東國際商業銀行股份有限公司,臺北市大安區敦化南路2段205、207、209號1樓,1,,,
20828393,宏碁股份有限公司,臺北市松山區民福里復興北路369號7樓之5,1,,,
3557017,臺灣人壽保險股份有限公司,臺北市南港區經貿二路188號8樓,1,,,
12800766,綠點高新科技股份有限公司,臺中市大雅區員林里神林路1段256號,1,,,
53017509,星展(台灣)商業銀行股份有限公司,臺北市信義區松仁路32、36號15、16、17樓,1,,,
58711014,寶成工業股份有限公司,彰化縣福興鄉萬豐村福工路2號,1,,,
28518076,台灣美光記憶體股份有限公司,中部科學工業園區臺中市后里區三豐路4段369號,1,,,
46479103,渣打國際商業銀行股份有限公司,臺北市松山區敦化北路168號1樓、2樓、4樓、7樓至10樓、12樓及170號地下1樓、1樓、2樓、4樓、7樓、9樓、10樓,1,,,
11914002,台灣玻璃工業股份有限公司,臺北市松山區南京東路3段261號11樓,1,,,
42821330,台灣美光半導體股份有限公司,臺北市信義區基隆路1段333號25樓,1,,,
89390656,南亞科技股份有限公司,桃園市龜山區文化里復興三路669號,1,,,
80330257,國票金融控股股份有限公司,臺北市中山區南京東路2段167號4樓之1(Ｂ區)、10樓,1,,,
12868358,緯創資通股份有限公司,新竹科學工業園區新竹市新安路5號,1,,,
23218395,燁聯鋼鐵股份有限公司,高雄市岡山區興隆街600號,1,,,
86380802,聯邦商業銀行股份有限公司,臺北市松山區民生東路3段109號1、2樓,1,,,
34051920,台達電子工業股份有限公司,桃園市龜山區山頂里興邦路31之1號,1,,,
28689155,和碩聯合科技股份有限公司,臺北市北投區立功街76號5樓,1,,,
84894313,宏泰人壽保險股份有限公司,臺北市松山區民生東路3段156號4樓,1,,,
70745361,王道商業銀行股份有限公司,臺北市內湖區堤頂大道2段99號,1,,,
53002013,桃園國際機場股份有限公司,桃園市大園區航站南路9號,1,,,
53658813,澳盛(台灣)商業銀行股份有限公司,臺北市信義區松仁路7號16、17、18樓,1,,,
23357403,光寶科技股份有限公司,臺北市內湖區瑞光路392號22樓,1,,,
11026506,大同股份有限公司,臺北市中山區集英里21鄰中山北路3段22號,1,,,
27253935,全國農業金庫股份有限公司,臺北市中正區館前路71號1、2、3樓、65號8、9樓,1,,,
3084741,中國石油化學工業開發股份有限公司,高雄市大社區經建路1號,1,,,
28428384,臺銀人壽保險股份有限公司,臺北市大安區敦化南路2段69號6樓,1,,,
53100892,寶德能源科技股份有限公司,臺北市信義區松智路1號23樓,1,,,
11395000,萬海航運股份有限公司,臺北市中山區松江路136號10樓,1,,,
84149385,力晶科技股份有限公司,新竹科學工業園區新竹市力行一路12號,1,,,
22956035,群益金鼎證券股份有限公司,臺北市信義區松仁路101號4樓,1,,,
28468548,台灣固網股份有限公司,臺北市大安區敦化南路2段206號7樓,1,,,
70774626,新世紀資通股份有限公司,臺北市內湖區瑞光路218號1樓至11樓,1,,,
11147207,中華開發資本股份有限公司,臺北市松山區南京東路5段125號11、12樓,1,,,
16091049,陽信商業銀行股份有限公司,臺北市士林區福德里中正路255號,1,,,
11332202,東元電機股份有限公司,臺北市中山區松江路156-2號,1,,,
42856999,寶佳資產管理股份有限公司,臺北市內湖區行善路469號2樓,1,,,
27463361,合陽管理顧問股份有限公司,新北市五股區成泰路1段2號9樓,1,,,
96975970,麥寮汽電股份有限公司,雲林縣麥寮鄉中興村台塑工業園區1號之1,1,,,
80173221,凱擘股份有限公司,臺北市中山區八德路2段260號9樓,1,,,
23986634,台朔重工股份有限公司,臺北市松山區精忠里敦化北路201之20號4樓,1,,,
12490306,佳世達科技股份有限公司,桃園市龜山區山鶯路157號,1,,,
86928561,安泰商業銀行股份有限公司,臺北市信義區西村里信義路5段7號16樓、40樓、41樓,1,,,
97170634,京華城股份有限公司,臺北市松山區八德路4段138號、138號7樓，138號12樓、138號地下1樓、138號地下2樓、138號地下3樓、138號地下4樓,1,,,
12205020,中環股份有限公司,臺北市中山區民權西路53號15樓,1,,,
22099836,乾坤科技股份有限公司,新竹科學工業園區新竹縣寶山鄉研發二路2號,1,,,
22266828,遠鼎投資股份有限公司,臺北市大安區敦化南路2段207號34樓,1,,,
12100285,國際票券金融股份有限公司,臺北市中山區南京東路2段167號2、9、10、11樓,1,,,
23218873,錸德科技股份有限公司,新竹縣湖口鄉中興村光復北路42號,1,,,
12545506,匯弘投資股份有限公司,臺北市中山區八德路2段308號11樓之1,1,,,
68387705,奇美實業股份有限公司,臺南市仁德區三甲里三甲子59-1號,1,,,
27928328,大聯大投資控股股份有限公司,臺北市內湖區堤頂大道2段489號8樓,1,,,
75947936,燁輝企業股份有限公司,高雄市橋頭區芋寮路369號,1,,,
14001199,福懋興業股份有限公司,雲林縣斗六市榴中里石榴路317號,1,,,
23060541,聯強國際股份有限公司,臺北市中山區民生東路3段75號4樓,1,,,
84443471,三商美邦人壽保險股份有限公司,臺北市中山區民權東路3段6號3樓,1,,,
86521704,日盛國際商業銀行股份有限公司,臺北市中正區重慶南路1段10號1樓,1,,,
54327209,台塑資源股份有限公司,臺北市松山區精忠里敦化北路201之18號7樓,1,,,
22957301,富邦綜合證券股份有限公司,臺北市大安區仁愛路4段169號2樓及15樓,1,,,
85066002,永豐餘投資控股股份有限公司,高雄市大樹區久堂里久堂路14號,1,,,
68919301,臺南紡織股份有限公司,臺南市東區裕農路511號,1,,,
84149358,世界先進積體電路股份有限公司,新竹科學工業園區新竹縣園區三路123號,1,,,
72058206,太子建設開發股份有限公司,臺南市東區東光里中華東路1段398號8樓,1,,,
23113343,永豐金證券股份有限公司,臺北市中正區重慶南路1段2號7樓、18樓及20樓,1,,,
7435515,新光合成纖維股份有限公司,臺北市中山區南京東路2段123號8樓及12樓,1,,,
23357868,元富證券股份有限公司,臺北市大安區復興南路1段209號1至3樓,1,,,
84149961,聯發科技股份有限公司,新竹科學工業園區新竹市篤行一路1號,1,,,
73252657,統一實業股份有限公司,臺南市永康區蔦松里中正北路837號,1,,,
3489200,裕隆汽車製造股份有限公司,苗栗縣三義鄉西湖村伯公坑39號之1,1,,,
22318678,亞東石化股份有限公司,桃園市觀音區觀音工業區經建四路47號,1,,,
4200199,陽明海運股份有限公司,基隆市七堵區正明里明德一路271號,1,,,
75094900,中華工程股份有限公司,臺北市松山區新聚里東興路12號6樓,1,,,
23535435,欣興電子股份有限公司,桃園市桃園區龜山工業區興邦路38號,1,,,
47255708,神達電腦股份有限公司,新竹科學工業園區新竹縣研發二路1號,1,,,
96972798,好市多股份有限公司,高雄市前鎮區中華五路656號,1,,,
16095410,台北金融大樓股份有限公司,臺北市信義區市府路45號B1-5F及B1之1、4F之1、6F之1、臺北市信義路5段7號59-60樓、89樓、101樓,1,,,
4370927,金寶電子工業股份有限公司,臺北市松山區南京東路5段99號10樓,1,,,
7838854,中鴻鋼鐵股份有限公司,高雄市橋頭區芋寮里芋寮路317號,1,,,
7066907,中國人造纖維股份有限公司,高雄市大社區經建路8號,1,,,
24060203,國產建材實業股份有限公司,臺北市內湖區新湖一路8號7樓,1,,,
3521905,遠東百貨股份有限公司,新北市板橋區新站路16號18樓,1,,,
23707801,鴻準精密工業股份有限公司,新北市土城區中山路3之2號,1,,,
12139612,潤泰創新國際股份有限公司,臺北市中山區八德路2段308號11樓之1,1,,,
96978370,統正開發股份有限公司,高雄市前鎮區中華五路789號,1,,,
3098415,中華汽車工業股份有限公司,臺北市大安區敦化南路2段2號11樓,1,,,
27946233,遠雄巨蛋事業股份有限公司,臺北市信義區松高路1號22樓,1,,,
24991987,合發土地開發股份有限公司,高雄市苓雅區四維三路80號4樓之2,1,,,
12198359,中華票券金融股份有限公司,臺北市內湖區堤頂大道2段99號4樓,1,,,
23218183,統一綜合證券股份有限公司,臺北市松山區新聚里東興路8號1樓、3樓、5樓、11樓,1,,,
16095002,統一國際開發股份有限公司,臺北市信義區松高路11號10樓,1,,,
70808864,台灣金聯資產管理股份有限公司,臺北市中山區中吉里南京東路2段85、87號11、12樓,1,,,
14067826,兆豐票券金融股份有限公司,臺北市中正區衡陽路91號地下1樓、地上2-5樓、10樓,1,,,
23826861,精碟科技股份有限公司,新北市新莊區福興里五權三路14號,1,,,
16093877,板信商業銀行股份有限公司,新北市板橋區縣民大道2段68號,1,,,
23525871,新光三越百貨股份有限公司,臺北市信義區松高路19號7、8、9樓,1,,,
84703052,遠雄人壽保險事業股份有限公司,臺北市信義區松高路1號28樓,1,,,
52367648,長億實業股份有限公司,臺中市西屯區臺灣大道2段910號5樓之7,1,,,
28674272,復盛股份有限公司,臺北市中山區南京東路2段172號1、2、3樓,1,,,
29068963,頂基開發股份有限公司,臺北市內湖區內湖路1段66號6樓,1,,,
4401392,華通電腦股份有限公司,桃園市蘆竹區新莊里大新路814巷91號,1,,,
4748660,聯成化學科技股份有限公司,臺北市南港區南港路1段209號A棟9樓,1,,,
22507241,京元電子股份有限公司,新竹市東區埔頂里公道五路2段81號,1,,,
12305479,興富發建設股份有限公司,臺北市中山區樂群二路267號10樓,1,,,
23474649,兆豐證券股份有限公司,臺北市中正區忠孝東路2段95號3樓,1,,,
3374306,國泰建設股份有限公司,臺北市大安區敦化南路2段218號2樓,1,,,
3098908,日盛證券股份有限公司,臺北市中山區南京東路2段111號3、4樓,1,,,
68921101,京城商業銀行股份有限公司,臺南市中西區西門路1段506號,1,,,
11917107,台灣聚合化學品股份有限公司,高雄市仁武區後安里鳳仁路330號,1,,,
22099890,元太科技工業股份有限公司,新竹科學工業園區新竹市力行一路3號,1,,,
5072925,中租迪和股份有限公司,臺北市內湖區瑞光路362號8樓至12樓,1,,,
22100242,台灣福雷電子股份有限公司,高雄市楠梓區楠梓加工出口區西五街十號,1,,,
97164611,鴻揚創業投資股份有限公司,新北市新店區復興里北新路3段207號15樓,1,,,
24790031,環電股份有限公司,南投縣草屯鎮太平路1段351巷141號,1,,,
33085508,正隆股份有限公司,新北市板橋區民生路1段1號,1,,,
75339004,長興材料工業股份有限公司,高雄市三民區建工路578號,1,,,
94025264,中華紙漿股份有限公司,花蓮縣吉安鄉光華村光華街100號,1,,,
3064421,中央投資股份有限公司,臺北市中山區八德路2段232號6樓,1,,,
84149786,晶元光電股份有限公司,新竹科學工業園區新竹市力行五路5號,1,,,
16744338,開發國際投資股份有限公司,臺北市松山區南京東路5段125號6樓,1,,,
3358805,保誠人壽保險股份有限公司,臺北市信義區松智路1號8樓,1,,,
4406559,長榮國際儲運股份有限公司,桃園市桃園區經國路899號,1,,,
28185226,台灣創新發展股份有限公司,臺北市中正區衡陽路51號13樓之3,1,,,
22555003,統一超商股份有限公司,臺北市松山區東興路8號8樓,1,,,
80328870,中華開發創業投資股份有限公司,臺北市松山區南京東路5段125號11樓,1,,,
27763753,新日光能源科技股份有限公司,新竹科學工業園區新竹市力行三路7號,1,,,
16096852,和平電力股份有限公司,花蓮縣秀林鄉和平村和工二路7號,1,,,
34202841,榮成紙業股份有限公司,彰化縣二林鎮廣興里廣興巷1之1號,1,,,
16636534,寶鑫國際投資股份有限公司,新北市新店區北新路3段207-1號15樓,1,,,
79854797,高雄銀行股份有限公司,高雄市左營區博愛二路168號,1,,,
1456219,中央存款保險股份有限公司,臺北市中正區龍福里南海路3號11樓,1,,,
75280209,東和鋼鐵企業股份有限公司,臺北市中山區長安東路1段9號6樓,1,,,
12526607,和桐化學股份有限公司,高雄市仁武區竹後里竹工二巷1號,1,,,
5091774,世平興業股份有限公司,臺北市南港區成功路1段74號、76號8樓,1,,,
3795101,台灣肥料股份有限公司,臺北市中山區南京東路2段88號6樓,1,,,
16441411,華瑋投資股份有限公司,臺北市北投區光明路167號7樓之2,1,,,
28991447,欣光華股份有限公司,臺北市中山區八德路2段232號5樓,1,,,
7663290,力麗企業股份有限公司,臺北市中山區松江路162號11樓,1,,,
16441480,華旭投資股份有限公司,臺北市北投區光明路167號7樓之2,1,,,
14053007,潤泰全球股份有限公司,臺北市中山區八德路2段308號13樓之1,1,,,
84894989,台北大眾捷運股份有限公司,臺北市中山區民安里15鄰中山北路2段48巷7號1、2、4、5、6、7樓,1,,,
16434734,華毓投資股份有限公司,臺北市北投區光明路167號7樓之2,1,,,
4212250,國喬石油化學股份有限公司,高雄市大社區興工路4號,1,,,
33955322,力鵬企業股份有限公司,臺北市中山區松江路162號6樓,1,,,
11996904,聯華實業股份有限公司,臺北市大同區承德路1段44號6樓,1,,,
23535744,國票綜合證券股份有限公司,臺北市大同區至聖里重慶北路3段199號地下1樓,1,,,
97160544,漢翔航空工業股份有限公司,臺中市西屯區西平里24鄰漢翔路1號,1,,,
54368658,日煙國際製造股份有限公司,臺北市信義區松仁路32號7樓,1,,,
12373243,日勝生活科技股份有限公司,臺北市大同區市民大道1段209號14樓,1,,,
16130042,南茂科技股份有限公司,新竹科學工業園區新竹縣研發一路1號,1,,,
14057995,東聯化學股份有限公司,臺北市松山區復興北路101號13樓,1,,,
23641822,鄉林建設事業股份有限公司,臺中市西區忠明里臺灣大道2段408號1樓,1,,,
24004006,三陽工業股份有限公司,新竹縣湖口鄉鳳山村1鄰中華路3號,1,,,
22102473,佳格食品股份有限公司,臺北市大安區仁愛路3段136號5樓,1,,,
59619900,建大工業股份有限公司,彰化縣員林市中山路1段146號,1,,,
16694999,泛喬股份有限公司,高雄市大樹區學城路1段9號3樓,1,,,
16631762,榮民工程股份有限公司,臺北市中山區松江路207號9~13樓,1,,,
39054405,李長榮化學工業股份有限公司,高雄市小港區中林路3號,1,,,
25133560,頂安開發股份有限公司,臺北市信義區信義路5段7號84樓,1,,,
33688521,萬寶開發股份有限公司,臺北市大安區仁愛路4段296號24樓,1,,,
47067419,裕民航運股份有限公司,臺北市大安區敦化南路2段207號2樓,1,,,
22178368,微星科技股份有限公司,新北市中和區立德街69號,1,,,
96971313,中鋼鋁業股份有限公司,高雄市小港區東林路17號,1,,,
4673318,遠雄建設事業股份有限公司,臺北市信義區松高路1號29樓,1,,,
84929896,瑞軒科技股份有限公司,新北市中和區連城路268號17樓,1,,,
11520909,南港輪胎股份有限公司,臺北市大安區仁愛路3段136號6樓608室,1,,,
22318348,大成不銹鋼工業股份有限公司,臺南市仁德區新田二街125號,1,,,
21257316,太平洋崇光百貨股份有限公司,臺北市大安區忠孝東路4段45號地下1樓至地下3樓、1樓至13樓,1,,,
3553737,台橡股份有限公司,高雄市大社區興工路2號,1,,,
28993629,欣陸投資控股股份有限公司,臺北市大安區敦化南路2段95號23樓,1,,,
16003518,宏達國際電子股份有限公司,桃園市桃園區興華路23號,1,,,
16831570,華泰商業銀行股份有限公司,臺北市中山區長安東路2段246號1樓、2樓、6樓、6樓之1、6樓之2,1,,,
3516001,台元紡織股份有限公司,臺北市大安區敦化南路2段2號8樓,1,,,
53677966,神達投資控股股份有限公司,臺北市南港區南港路一段209號B棟8樓,1,,,
22955774,華南永昌綜合證券股份有限公司,臺北市松山區民生東路4段54號4樓、4樓之2至4樓之12、5樓、7樓之3、7樓之9,1,,,
80329815,元大人壽保險股份有限公司,臺北市松山區民生東路3段156號17樓,1,,,
89004161,華泰電子股份有限公司,高雄市楠梓區楠梓加工出口區中三街九號,1,,,
70377128,太平洋流通投資股份有限公司,臺北市大安區仁愛路4段64號7樓,1,,,
86754604,日觀實業股份有限公司,新北市新店區北新路3段219號16樓,1,,,
16450993,理想大地股份有限公司,花蓮縣壽豐鄉共和村理想路1號,1,,,
23527104,台灣國際航電股份有限公司,新北市汐止區樟樹二路68號6樓,1,,,
12999083,益通光能科技股份有限公司,臺南市安南區本田路2段498號,1,,,
16082267,力成科技股份有限公司,新竹縣湖口鄉新竹工業區大同路10號,1,,,
12029805,寶祥實業建設股份有限公司,臺北市中山區新生北路3段1號3樓之6,1,,,
89406518,台塑勝高科技股份有限公司,雲林縣麥寮鄉中興村台塑工業園區1號之1,1,,,
11892801,嘉新水泥股份有限公司,臺北市中山區中山北路2段96號,1,,,
69905810,可成科技股份有限公司,臺南市永康區仁愛街398號,1,,,
7525207,台灣農林股份有限公司,臺北市南港區園區街3號15樓,1,,,
20817282,中鼎工程股份有限公司,臺北市士林區中山北路6段89號,1,,,
27989078,諧永投資股份有限公司,臺北市內湖區西康里內湖路1段66號8樓,1,,,
3701104,台灣土地開發股份有限公司,臺北市中正區衡陽路51號14樓之1,1,,,
16130161,台灣神隆股份有限公司,臺南市善化區南科八路1號,1,,,
84446202,朝陽人壽保險股份有限公司,臺中市西區五權路2-3號12樓,1,,,
13124428,亞普投資股份有限公司,臺北市中山區中山北路2段21號2樓,1,,,
86690644,力麒建設股份有限公司,臺北市中山區吉林路99號8樓,1,,,
4695235,台灣國際造船股份有限公司,高雄市小港區中鋼路3號,1,,,
23638777,華碩電腦股份有限公司,臺北市北投區立德路150號4樓,1,,,
70750217,和鑫光電股份有限公司,臺南市善化區北園一路7號,1,,,
73008303,大成長城企業股份有限公司,臺南市永康區蔦松里蔦松二街3號,1,,,
23473986,長春投資股份有限公司,臺北市中山區八德路2段308號11樓之1,1,,,
27093207,潤華染織廠股份有限公司,臺北市中山區八德路2段308號11樓之1,1,,,
84448481,義大開發股份有限公司,高雄市大樹區學城路1段5號3樓,1,,,
11052709,三商投資控股股份有限公司,臺北市中山區建國北路2段145號地下1樓及1~18樓,1,,,
11384806,長春石油化學股份有限公司,臺北市中山區松江路301號7樓,1,,,
36552651,亞東證券股份有限公司,臺北市中正區重慶南路1段86號2、3、4、5樓,1,,,
20954200,群光電子股份有限公司,新北市三重區光復路2段69號,1,,,
70757366,遠通投資股份有限公司,臺北市大安區敦化南路2段207號34樓,1,,,
4964250,東森國際股份有限公司,臺北市大安區復興路1段368號5樓、8樓,1,,,
14040691,中美和石油化學股份有限公司,臺北市內湖區瑞光路392號9樓,1,,,
9424319,藍天電腦股份有限公司,新北市三重區興德路129號,1,,,
28421946,高明貨櫃碼頭股份有限公司,高雄市小港區南星路2800號,1,,,
27227466,運鴻投資股份有限公司,高雄市前鎮區成功二路88號26樓,1,,,
3559508,臺灣證券交易所股份有限公司,臺北市信義區信義路5段7號9樓,1,,,
4216170,霖園投資股份有限公司,臺北市大安區仁愛路4段296號24樓,1,,,
29068984,中外古今股份有限公司,桃園市龜山區華亞二路199號,1,,,
22662550,家福股份有限公司,臺北市南港區南港路2段20巷5號地下1樓,1,,,
3064800,太平洋電線電纜股份有限公司,桃園市楊梅區快速路5段858號,1,,,
63400932,豐泰企業股份有限公司,雲林縣斗六市科工八路52號,1,,,
80031413,遠東資源開發股份有限公司,臺北市大安區敦化南路2段207號34樓,1,,,
23504361,達運精密工業股份有限公司,臺中市大雅區民生路3段313巷45號,1,,,
23418577,百揚投資股份有限公司,新北市板橋區新站路16號18樓,1,,,
22099189,友訊科技股份有限公司,臺北市內湖區新湖三路289號,1,,,
15876227,友尚股份有限公司,臺北市內湖區堤頂大道2段489號9樓,1,,,
73735839,伊頓飛瑞慕品股份有限公司,臺南市關廟區埤頭里保東路269之1號,1,,,
16130009,頎邦科技股份有限公司,新竹科學工業園區新竹市力行五路3號,1,,,
11529802,春源鋼鐵工業股份有限公司,臺北市中山區復興北路502號6樓、6樓之1、7樓、7樓之1,1,,,
16096804,南亞電路板股份有限公司,臺北市松山區精忠里敦化北路201-36號3樓,1,,,
70817744,全球人壽保險股份有限公司,臺北市信義區市民大道6段288號16樓,1,,,
7406808,華隆股份有限公司,苗栗縣頭份市自立街81號2樓,1,,,
80698388,尊爵投資股份有限公司,臺北市中山區南京東路3段225號10樓,1,,,
16832487,三信商業銀行股份有限公司,臺中市中區柳川里公園路32-1號,1,,,
16097775,長榮航太科技股份有限公司,桃園市大園區航站南路6號,1,,,
7568009,環球水泥股份有限公司,臺北市中山區南京東路2段125號10樓,1,,,
23824511,康和綜合證券股份有限公司,臺北市信義區基隆路1段176號地下1、2樓,1,,,
5155853,研華股份有限公司,臺北市內湖區瑞光路26巷20弄1號,1,,,
79460007,華榮電線電纜股份有限公司,高雄市前金區中正四路170號,1,,,
22354940,信義房屋仲介股份有限公司,臺北市信義區信義路5段100號,1,,,
47224065,東訊股份有限公司,新竹科學工業園區新竹市研發二路23號,1,,,
75992214,燁興企業股份有限公司,高雄市岡山區寶米路369號,1,,,
22044755,技嘉科技股份有限公司,新北市新店區寶強路6號5樓,1,,,
53090297,頂率開發股份有限公司,臺北市內湖區內湖路1段66號6樓,1,,,
89283591,安聯人壽保險股份有限公司,臺北市信義區信義路5段100號5樓,1,,,
22959223,第一金證券股份有限公司,臺北市中山區長安東路1段22號4樓,1,,,
43295237,集盛實業股份有限公司,桃園市龜山區新嶺里東萬壽路60號,1,,,
28754606,大成國際鋼鐵股份有限公司,臺南市仁德區義林路122號B棟,1,,,
84149955,聯詠科技股份有限公司,新竹科學工業園區新竹縣創新一路13號2樓,1,,,
23416851,中國信託綜合證券股份有限公司,臺北市南港區經貿二路168號3樓,1,,,
28990860,合作金庫人壽保險股份有限公司,臺北市大安區華聲里忠孝東路4段325號10樓之1、2、3,1,,,
28982926,聯電新投資事業股份有限公司,臺北市內湖區內湖路一段68號8樓,1,,,
84307546,幸福人壽保險股份有限公司,臺北市中正區梅花里忠孝東路2段123號9樓,1,,,
70783499,森霸電力股份有限公司,臺南市山上區豐德里隙子口66號,1,,,
4382114,中國合成橡膠股份有限公司,臺北市中山區中山北路2段113號8樓,1,,,
81157852,寶成建設股份有限公司,高雄市前鎮區良和里民權二路6號5樓之1,1,,,
23116897,德勤投資股份有限公司,臺北市大安區敦化南路2段207號31樓,1,,,
23821182,凌陽科技股份有限公司,新竹科學工業園區新竹縣創新一路19號1樓,1,,,
68326665,東陽實業廠股份有限公司,臺南市安南區安和路2段98號,1,,,
22221180,宏盛建設股份有限公司,臺北市松山區民生東路3段156號19樓之5,1,,,
86685142,台灣汽電共生股份有限公司,臺北市內湖區瑞光路392號6樓,1,,,
75195800,光陽工業股份有限公司,高雄市三民區灣興街35號,1,,,
3373221,慶豐商業銀行股份有限公司,臺北市中正區南海路3號12樓,1,,,
55389357,豐興鋼鐵股份有限公司,臺中市后里區墩北里9鄰甲后路1段998號,1,,,
47238650,中美矽晶製品股份有限公司,新竹科學工業園區新竹市工業東二路8號4樓,1,,,
11603817,國揚實業股份有限公司,臺北市中山區民生東路3段49號16樓,1,,,
68035907,大亞電線電纜股份有限公司,臺南市關廟區關廟里中山路2段249號,1,,,
83078600,東南水泥股份有限公司,高雄市前金區五褔三路21號4樓之1,1,,,
22099532,神基科技股份有限公司,新竹科學工業園區新竹縣寶山鄉研發二路1號4樓,1,,,
70567886,台灣新思科技股份有限公司,臺北市信義區基隆路1段333號29樓,1,,,
5126366,超豐電子股份有限公司,苗栗縣竹南鎮佳興里公義路136號,1,,,
11812103,新興航運股份有限公司,臺北市大安區復興南路1段368號14樓,1,,,
4379928,嘉新畜產股份有限公司,苗栗縣頭份市自立街81號2樓,1,,,
11081991,中央再保險股份有限公司,臺北市中山區南京東路2段53號11、12樓,1,,,
22099202,矽統科技股份有限公司,新竹市公道五路2段180號,1,,,
96975508,中盈投資開發股份有限公司,高雄市前鎮區成功二路88號26樓,1,,,
22449566,精英電腦股份有限公司,臺北市內湖區堤頂大道2段239號,1,,,
30955404,金像電子股份有限公司,桃園市中壢區西園路113號,1,,,
54762841,相達材料股份有限公司,新竹縣湖口鄉光復北路20-1號1樓,1,,,
15458455,臺灣永光化學工業股份有限公司,臺北市大安區義安里敦化南路2段77號5~6樓,1,,,
79841479,聚亨企業股份有限公司,高雄市岡山區新樂街79之1號,1,,,
28112694,隆達電子股份有限公司,新竹科學工業園區新竹市工業東三路3號,1,,,
3251108,和泰汽車股份有限公司,臺北市中山區松江路121號8~14樓,1,,,
47255947,光磊科技股份有限公司,新竹科學工業園區新竹縣創新一路8號,1,,,
22099287,智邦科技股份有限公司,新竹科學工業園區新竹市研新三路1號,1,,,
35082604,中興紡織廠股份有限公司,臺北市信義區基隆路1段200號10樓之1,1,,,
84709324,翔韋投資股份有限公司,臺北市大安區敦化南路2段2號10樓,1,,,
89398334,萬通票券金融股份有限公司,臺北市信義區忠孝東路4段560號11樓,1,,,
5637971,燿華電子股份有限公司,新北市土城區中山路4巷3號,1,,,
16631664,艾克爾國際科技股份有限公司,桃園市龍潭區中豐路高平段1號,1,,,
70772036,英華達股份有限公司,新北市五股區五工五路37號,1,,,
80021533,中國信託資產管理股份有限公司,臺北市南港區經貿二路168號19樓,1,,,
27236155,國泰綜合證券股份有限公司,臺北市大安區虎嘯里敦化南路2段333號19樓、20樓暨335號6樓、10樓、18樓、19樓、20樓、21樓,1,,,
81069921,精成科技股份有限公司,臺北市信義區松智路1號24樓,1,,,
20844865,台灣苯乙烯工業股份有限公司,臺北市中正區羅斯福路1段6號8樓之1,1,,,
27927067,弘鼎創業投資股份有限公司,臺北市大安區敦化南路2段333號18樓,1,,,
86379707,健鼎科技股份有限公司,桃園市平鎮區工業五路21號,1,,,
27527029,萬達通實業股份有限公司,臺北市大同區市民大道1段209號13樓,1,,,
29508603,尚志資產開發股份有限公司,臺北市中山區中山北路3段22號,1,,,
16744111,財金資訊股份有限公司,臺北市內湖區明湖里康寧路3段81號,1,,,
11039306,士林電機廠股份有限公司,臺北市士林區忠誠里19鄰中山北路6段88號16樓,1,,,
80027874,台北港貨櫃碼頭股份有限公司,新北市八里區訊塘里7鄰廈竹圍25號,1,,,
27757133,昱晶能源科技股份有限公司,新竹科學工業園區苗栗縣竹南鎮科北一路21號,1,,,
12341051,康舒科技股份有限公司,臺北市松山區南京東路5段99號11樓,1,,,
3546618,廣宇科技股份有限公司,新北市新店區安和里安興路97號,1,,,
22553878,裕元投資股份有限公司,臺北市大安區敦化南路2段207號31樓,1,,,
19004316,華新科技股份有限公司,臺北市信義區松智路1號24樓,1,,,
3798509,中國時報文化事業股份有限公司,臺北市萬華區大理街132號1~7樓,1,,,
11072304,大台北區瓦斯股份有限公司,臺北市松山區光復北路11巷35號1、4、5、13樓,1,,,
22636630,國巨股份有限公司,新北市新店區寶橋路233-1號3樓及233-2號3樓,1,,,
89396292,台灣票券金融股份有限公司,臺北市中山區南京東路2段123號3樓,1,,,
27790294,奇美材料科技股份有限公司,臺南市善化區南關里木柵港西路13號,1,,,
96933037,長生電力股份有限公司,桃園市蘆竹區海湖里濱海路1段199號,1,,,
22223510,正崴精密工業股份有限公司,新北市土城區沛陂里中山路18號,1,,,
20795246,特力股份有限公司,臺北市內湖區新湖三路23號1、2、5樓,1,,,
16638322,中欣開發股份有限公司,高雄市前鎮區成功二路88號23樓,1,,,
11347802,味全食品工業股份有限公司,臺北市中山區松江路125號,1,,,
22671299,瑞昱半導體股份有限公司,新竹科學工業園區新竹縣寶山鄉創新二路2號,1,,,
30900892,冠德建設股份有限公司,臺北市大安區和平東路3段131號2樓,1,,,
5707618,遠鼎股份有限公司,臺北市大安區敦化南路2段207號23樓,1,,,
20747385,亞洲聚合股份有限公司,高雄市林園區工業一路3號,1,,,
27925265,台信電訊股份有限公司,臺北市大安區敦化南路2段206號7樓,1,,,
53323205,環能海運股份有限公司,臺北市中山區松江路328號6樓之1,1,,,
12508713,長榮國際股份有限公司,臺北市中山區民生東路2段166號9樓,1,,,
27932239,華創車電技術中心股份有限公司,新北市新店區中興路3段3號2樓,1,,,
54382785,達勝創業投資股份有限公司,臺北市信義區基隆路1段200號8樓之1,1,,,
73209786,桂宏企業股份有限公司,臺南市永康區正南一街２００號,1,,,
16596337,新桃電力股份有限公司,新竹縣關西鎮仁安里台電新村66號,1,,,
22839564,慶富造船股份有限公司,高雄市前鎮區復興四路1號7樓,1,,,
16089867,鵬寶科技股份有限公司,臺北市內湖區瑞光路581號,1,,,
22817273,龍邦國際興業股份有限公司,臺北市中正區忠孝西路1段50號9樓,1,,,
3607500,聲寶股份有限公司,桃園市龜山區大華里頂湖26-3號,1,,,
65534366,愛之味股份有限公司,嘉義縣民雄鄉興南村工業二路11號,1,,,
86870786,威盛電子股份有限公司,新北市新店區中正路535號8樓,1,,,
20846081,海華建設股份有限公司,臺北市松山區民生東路5段167號2樓,1,,,
28202098,開泰豐國際股份有限公司,臺北市松山區松基里15鄰敦化北路158號,1,,,
20889546,茂迪股份有限公司,新北市深坑區北深路3段248號6樓,1,,,
23603284,瑞智精密股份有限公司,桃園市觀音區成功路2段943號,1,,,
70751779,欣銓科技股份有限公司,新竹縣湖口鄉勝利村工業三路3號,1,,,
30965368,金鑫投資股份有限公司,臺北市信義區松智路1號26樓,1,,,
22101116,華東科技股份有限公司,高雄市前鎮區高雄加工出口區北一路18號,1,,,
23475561,亞旭電腦股份有限公司,新北市中和區建康路119號10樓,1,,,
86120709,慶眾汽車工業股份有限公司,桃園市觀音區觀音里11鄰中正路288號,1,,,
28996610,大陸建設股份有限公司,臺北市大安區敦化南路2段95號12樓,1,,,
11686106,華夏海灣塑膠股份有限公司,臺北市內湖區基湖路37號12樓,1,,,
84498860,文曄科技股份有限公司,新北市中和區平河里中正路738號14樓,1,,,
44721408,泰豐輪胎股份有限公司,桃園市中壢區中華路2段369號,1,,,
53021481,合作金庫證券股份有限公司,臺北市大安區忠孝東路4段325號2樓、6樓,1,,,
22817999,宏遠興業股份有限公司,臺南市山上區明和里256號,1,,,
96976990,嘉惠電力股份有限公司,嘉義縣民雄鄉松山村4鄰松子腳688號,1,,,
16091337,永豐金租賃股份有限公司,臺北市中山區八德路2段203號5樓,1,,,
51015548,嘉里大榮物流股份有限公司,臺北市中正區新生南路1段50號14樓,1,,,
84252697,榮剛材料科技股份有限公司,臺南市新營區新中路35號1樓,1,,,
96867183,月眉國際開發股份有限公司,臺中市后里區福容路3號,1,,,
22101208,瑞儀光電股份有限公司,高雄市前鎮區高雄加工出口區中六路1號,1,,,
28455902,新易股份有限公司,臺北市南港區園區街3號6樓之1,1,,,
22099646,和喬科技股份有限公司,新竹科學工業園區新竹市科技五路8號,1,,,
28230046,達輝光電股份有限公司,新竹科學工業園區苗栗縣竹南鎮科北二路3號,1,,,
86011033,博達科技股份有限公司,新北市淡水區中正東路二段69之10號5樓,1,,,
35267807,保力達股份有限公司,臺北市大安區仁愛路4段99號3樓,1,,,
33020007,大陸工程股份有限公司,臺北市大安區敦化南路2段95號,1,,,
84149300,中德電子材料股份有限公司,新竹科學工業園區新竹縣研新一路2號,1,,,
89400818,昇恒昌股份有限公司,臺北市中山區江寧里民權東路3段60巷1號,1,,,
16436466,金門酒廠實業股份有限公司,金門縣金寧鄉桃園路1號,1,,,
35894259,炎洲股份有限公司,臺北市內湖區行善路397號7樓,1,,,
12148598,中興保全股份有限公司,臺北市大同區鄭州路139號6樓及7樓,1,,,
89391748,大中票券金融股份有限公司,臺北市松山區敦化北路88號4樓、4樓之1、4樓之2、4樓之3,1,,,
11587957,第一華僑大飯店股份有限公司,臺北市中山區南京東路2段63號,1,,,
23225071,瀚宇博德股份有限公司,桃園市觀音區樹林里工業四路9號,1,,,
70789634,保德信國際人壽保險股份有限公司,臺北市松山區南京東路5段161號10樓,1,,,
53663724,鑽石生技投資股份有限公司,臺北市松山區敦化南路1段3號5樓之5,1,,,
12209807,南帝化學工業股份有限公司,高雄市林園區工業一路9號,1,,,
16740311,遠銀國際租賃股份有限公司,臺北市大安區敦化南路2段207號36樓,1,,,
70785139,景碩科技股份有限公司,桃園市新屋區石磊里中華路1245號,1,,,
4312878,和益化學工業股份有限公司,臺北市中山區南京東路2段206號14樓,1,,,
28006928,致伸科技股份有限公司,臺北市內湖區瑞光路669號,1,,,
23826736,福懋科技股份有限公司,雲林縣斗六市榴中里河南街329號,1,,,
70848177,住華科技股份有限公司,臺南市善化區環東路2段32號,1,,,
16432742,凌巨科技股份有限公司,苗栗縣頭份市蘆竹里4鄰工業路15號,1,,,
28999503,合勤投資控股股份有限公司,新竹市公道五路2段363號3樓,1,,,
34516147,億光電子工業股份有限公司,新北市樹林區中華路6-8號,1,,,
52806560,宏總建設股份有限公司,高雄市苓雅區新光路38號37樓之1,1,,,
12251662,基泰建設股份有限公司,臺北市中正區衡陽路51號10樓,1,,,
11384708,長春人造樹脂廠股份有限公司,高雄市大寮區華西路8號,1,,,
49701774,冠軍建材股份有限公司,苗栗縣竹南鎮大埔里竹篙厝200-7號,1,,,
22099694,鈺創科技股份有限公司,新竹科學工業園區新竹市科技五路6號,1,,,
16434853,宜華國際股份有限公司,臺北市中山區樂群二路199號,1,,,
12800800,旭明光電股份有限公司,新竹科學工業園區苗栗縣竹南鎮科中路11號1、3、4樓,1,,,
12800392,明泰科技股份有限公司,新竹科學工業園區新竹市力行七路8號,1,,,
22099907,中強光電股份有限公司,新竹科學工業園區新竹市東區力行路11號,1,,,
84149224,義隆電子股份有限公司,新竹科學工業園區新竹縣創新一路12號,1,,,
97176790,大台中數位有線電視股份有限公司,臺中市大里區愛心路55號1樓,1,,,
23446187,創見資訊股份有限公司,臺北市內湖區行忠路70號,1,,,
72065570,東雲股份有限公司,臺南市新市區大營里17鄰大營329號,1,,,
28997300,元晶太陽能科技股份有限公司,新北市新店區復興里北新路3段225號8樓,1,,,
28440795,富敦開發股份有限公司,臺北市松山區敦化北路167號18樓,1,,,
70555349,中天生物科技股份有限公司,臺北市南港區三重里園區街3號14樓之1,1,,,
84899128,亞太投資股份有限公司,臺北市松山區敦化北路201之36號5樓,1,,,
3283306,厚生股份有限公司,臺北市中正區漢口街1段82號8樓,1,,,
12551801,四維航業股份有限公司,臺北市松山區復興北路167號16樓,1,,,
96973086,中鋼運通股份有限公司,高雄市前鎮區忠純里成功二路88號24樓,1,,,
22415496,龍巖股份有限公司,臺北市中山區民權東路2段166號1樓,1,,,
33029464,中興電工機械股份有限公司,新北市中和區中正路801號3樓,1,,,
84896678,力秋股份有限公司,臺北市內湖區湖元里新湖三路23號5樓,1,,,
23222476,泰盛投資股份有限公司,臺北市松山區慶城街63號16樓,1,,,
15415013,萬華企業股份有限公司,臺北市萬華區峨嵋街52號,1,,,
16634206,東安投資股份有限公司,臺北市中山區松江路156-2號2樓,1,,,
3564713,台灣航業股份有限公司,臺北市中正區濟南路2段29號2-6樓,1,,,
70747852,華冠通訊股份有限公司,臺北市內湖區瑞湖街58號12樓之1,1,,,
11575002,益華股份有限公司,臺北市松山區復興北路57號14樓,1,,,
27335280,綠能科技股份有限公司,臺北市中山區中山北路3段22號,1,,,
16834268,富喬工業股份有限公司,雲林縣斗六市斗工十六路8號,1,,,
16138282,合晶科技股份有限公司,桃園市楊梅區瑞坪里蘋果路1號,1,,,
47255904,巨擘科技股份有限公司,新竹科學工業園區新竹市研新四路6號,1,,,
